id,name,model_id:id,group_id:id,perm_read,perm_write,perm_create,perm_unlink
access_dashboard_data_user,dashboard.data user,model_dashboard_data,base.group_user,1,0,0,0
access_dashboard_saved_filter_user,dashboard.saved.filter user,model_dashboard_saved_filter,base.group_user,1,1,1,1
access_dashboard_approval_config_user,dashboard.approval.config user,model_dashboard_approval_config,base.group_user,1,0,0,0
access_dashboard_approval_config_admin,dashboard.approval.config admin,model_dashboard_approval_config,eagle_business_dashboard.group_dashboard_admin,1,1,1,0
access_dashboard_snoozed_product_user,dashboard.snoozed.product user,model_dashboard_snoozed_product,base.group_user,1,1,1,1
access_dashboard_presence_user,dashboard.presence user,model_dashboard_presence,base.group_user,1,1,1,1
access_dashboard_kpi_comment_user,dashboard.kpi.comment user,model_dashboard_kpi_comment,base.group_user,1,1,1,1
access_dashboard_snapshot_link_user,dashboard.snapshot.link user,model_dashboard_snapshot_link,base.group_user,1,1,1,1
access_dashboard_ledger_security_admin,dashboard.ledger.security admin,model_dashboard_ledger_security,eagle_business_dashboard.group_dashboard_admin,1,1,1,1
access_dashboard_ledger_security_system,dashboard.ledger.security system,model_dashboard_ledger_security,base.group_system,1,1,1,1
